ObjectID, Radius, PositionX, PositionY, PositionZ, EmissionX, EmissionY, EmissionZ, ColorR, ColorG, ColorB, Material
0, 160.000000, 50.000000, 580.000000, -1360.000000, 200.000000, 200.000000, 200.000000, 0.000000, 0.000000, 0.000000, 0
1, 800.000000, 50.000000, -900.000000, -9980.000000, 20.000000, 20.000000, 20.000000, 0.000000, 0.000000, 0.000000, 0
2, 10000.000000, 50.000000, -20.000000, -1060.000000, 0.062700, 0.188000, 0.569000, 0.400000, 0.400000, 0.400000, 0
3, 800.000000, 50.000000, -740.000000, -1060.000000, 0.000000, 0.000000, 0.000000, 0.109560, 0.894408, 0.996000, 2
4, 790.000000, 50.000000, -740.000000, -1060.000000, 0.000000, 0.000000, 0.000000, 0.240000, 0.180000, 0.024000, 0
5, 325.000000, 50.000000, -275.000000, -910.000000, 0.000000, 0.000000, 0.000000, 0.320000, 0.240000, 0.032000, 0
6, 275.000000, 50.000000, -225.000000, -893.000000, 0.000000, 0.000000, 0.000000, 0.015000, 0.225000, 0.015000, 0
