ObjectID, Radius, PositionX, PositionY, PositionZ, EmissionX, EmissionY, EmissionZ, ColorR, ColorG, ColorB, Material
0, 100000.000000, 50.000000, 100.000000, 0.000000, 3.000000, 3.000000, 3.000000, 0.000000, 0.000000, 0.000000, 0
1, 100000.000000, 50.000000, -100258.564065, 0.000000, 0.000000, 0.000000, 0.000000, 0.100000, 0.100000, 0.100000, 0
2, 120.000000, 170.000000, 110.082032, 62.000000, 0.000000, 0.000000, 0.000000, 0.999000, 0.299700, 0.299700, 1
3, 120.000000, -70.000000, 110.082032, 62.000000, 0.000000, 0.000000, 0.000000, 0.299700, 0.999000, 0.299700, 1
4, 120.000000, 50.000000, -97.764065, 62.000000, 0.000000, 0.000000, 0.000000, 0.299700, 0.299700, 0.999000, 1
5, 120.000000, 50.000000, 40.800000, -76.564065, 0.000000, 0.000000, 0.000000, 0.529470, 0.529470, 0.529470, 1
6, 120.000000, 50.000000, 40.800000, 200.564065, 0.000000, 0.000000, 0.000000, 0.999000, 0.999000, 0.999000, 2
