ObjectID, Radius, PositionX, PositionY, PositionZ, EmissionX, EmissionY, EmissionZ, ColorR, ColorG, ColorB, Material
0, 120.000000, 170.000000, 97.282032, 62.000000, 0.016500, 0.036720, 0.056940, 0.996000, 0.996000, 0.996000, 1
1, 120.000000, -70.000000, 97.282032, 62.000000, 0.016500, 0.036720, 0.056940, 0.996000, 0.996000, 0.996000, 1
2, 120.000000, 50.000000, -110.564065, 62.000000, 0.016500, 0.036720, 0.056940, 0.996000, 0.996000, 0.996000, 1
3, 120.000000, 50.000000, 28.000000, -133.959179, 0.000000, 0.000000, 0.000000, 0.996000, 0.996000, 0.996000, 1
4, 718.516991, 50.000000, 28.000000, -3.319726, 0.000000, 0.000000, 0.000000, 0.500000, 0.500000, 0.500000, 1
